{"cameraMode":{"drawMode":0,"name":"Shaded","section":"Shading Mode"},"sceneLighting":true,"audioPlay":false,"sceneViewState":{"m_AlwaysRefresh":false,"showFog":true,"showSkybox":true,"showFlares":true,"showImageEffects":true,"showParticleSystems":true,"showVisualEffectGraphs":true,"m_FxEnabled":true},"in2DMode":false,"pivot":{"x":805.9193115234375,"y":1341.469482421875,"z":65.75946044921875},"rotation":{"x":-0.02247210592031479,"y":0.04797001928091049,"z":0.001080622198060155,"w":0.9986013174057007},"size":1578.0784912109375,"orthographic":true}